{
  "header": {
    "phoneNumber": "+123 123 123",
    "email": "sayhello@demo.com",
    "selectOptions": [
      { "value": "PKR", "text": "PKR" },
      { "value": "1", "text": "One" },
      { "value": "2", "text": "Two" },
      { "value": "3", "text": "Three" }
    ],
    "languageOptions": [
      { "value": "English", "text": "English" },
      { "value": "1", "text": "One" },
      { "value": "2", "text": "Two" },
      { "value": "3", "text": "Three" }
    ]
  },
  "navbar": {
    "navLinks": [
      { "text": "Home", "href": "/" },
      { "text": "Shop", "href": "/shop/all" },
      { "text": "Sale", "href": "/sale/all" },
      {
        "text": "Products",
        "dropdownItems": [
          { "text": "Products", "href": "#action/3.1" },
          { "text": "Another action", "href": "#action/3.2" },
          { "text": "Something", "href": "#action/3.3" },
          { "text": "Separated link", "href": "#action/3.4" }
        ]
      },
      { "text": "Cart", "href": "/cart" },
      { "text": "Blog", "href": "/blog" }
    ],
    "logoText": "Site Logo"
  },
  "form": {
    "buttons": [
      {
        "icon": "M416 208c0 45.9-14.9 88.3-40 122.7L502.6 457.4c12.5 12.5 12.5 32.8 0 45.3s-32.8 12.5-45.3 0L330.7 376c-34.4 25.2-76.8 40-122.7 40C93.1 416 0 322.9 0 208S93.1 0 208 0S416 93.1 416 208zM208 352a144 144 0 1 0 0-288 144 144 0 1 0 0 288z"

      },
      {
        "icon": "M224 256A128 128 0 1 0 224 0a128 128 0 1 0 0 256zm-45.7 48C79.8 304 0 383.8 0 482.3C0 498.7 13.3 512 29.7 512H418.3c16.4 0 29.7-13.3 29.7-29.7C448 383.8 368.2 304 269.7 304H178.3z"

      },
      {
        "icon": "M225.8 468.2l-2.5-2.3L48.1 303.2C17.4 274.7 0 234.7 0 192.8v-3.3c0-70.4 50-130.8 119.2-144C158.6 37.9 198.9 47 231 69.6c9 6.4 17.4 13.8 25 22.3c4.2-4.8 8.7-9.2 13.5-13.3c3.7-3.2 7.5-6.2 11.5-9c0 0 0 0 0 0C313.1 47 353.4 37.9 392.8 45.4C462 58.6 512 119.1 512 189.5v3.3c0 41.9-17.4 81.9-48.1 110.4L288.7 465.9l-2.5 2.3c-8.2 7.6-19 11.9-30.2 11.9s-22-4.2-30.2-11.9zM239.1 145c-.4-.3-.7-.7-1-1.1l-17.8-20c0 0-.1-.1-.1-.1c0 0 0 0 0 0c-23.1-25.9-58-37.7-92-31.2C81.6 101.5 48 142.1 48 189.5v-3.3c0 28.5 11.9 55.8 32.8 75.2L256 430.7 431.2 268c20.9-19.4 32.8-46.7 32.8-75.2v-3.3c0-47.3-33.6-88-80.1-96.9c-34-6.5-69 5.4-92 31.2c0 0 0 0-.1 .1s0 0-.1 .1l-17.8 20c-.3 .4-.7 .7-1 1.1c-4.5 4.5-10.6 7-16.9 7s-12.4-2.5-16.9-7",
        "badgeCount": 10
      },
      {
        "icon": "M160 112c0-35.3 28.7-64 64-64s64 28.7 64 64v48H160V112zm-48 48H48c-26.5 0-48 21.5-48 48V416c0 53 43 96 96 96H352c53 0 96-43 96-96V208c0-26.5-21.5-48-48-48H336V112C336 50.1 285.9 0 224 0S112 50.1 112 112v48zm24 48a24 24 0 1 1 0 48 24 24 0 1 1 0-48zm152 24a24 24 0 1 1 48 0 24 24 0 1 1 -48 0",
        "badgeCount": 2
      }
    ]
  },
  "products": [
    {
      "id": 1,
      "name": "Razer Blade 15 ",
      "category": "Electronics",
      "type": "Laptop",
      "rating": 4,
      "oldPrice": 2699,
      "price": 2399,
      "image": "https://www.dpreview.com/files/p/articles/6096287211/DLCS1672-Edit.jpeg",
      "featured": true
    },
    {
      "id": 2,
      "name": "Nike Sports Shoes",
      "category": "Shoes",
      "type": "Sports",
      "rating": 5,
      "oldPrice": 399,
      "price": 349,
      "image": "https://images.unsplash.com/photo-1542291026-7eec264c27ff?ixlib=rb-4.0.3&ixid=M3wxMjA3fDB8MHxwaG90by1wYWdlfHx8fGVufDB8fHx8fA%3D%3D&auto=format&fit=crop&w=3870&q=80"
    },
    {
      "id": 3,
      "name": "Product 3",
      "category": "Clothing",
      "type": "T-Shirt",
      "rating": 3,
      "price": 14,
      "image": "https://images.unsplash.com/photo-1551799517-eb8f03cb5e6a?ixlib=rb-4.0.3&ixid=M3wxMjA3fDB8MHxwaG90by1wYWdlfHx8fGVufDB8fHx8fA%3D%3D&auto=format&fit=crop&w=3456&q=80"
    },
    {
      "id": 4,
      "name": "Product 4",
      "category": "Clothing",
      "type": "T-Shirt",
      "rating": 4,
      "oldPrice": 99.99,
      "price": 79.99,
      "image": "https://images.unsplash.com/photo-1503342217505-b0a15ec3261c?ixlib=rb-4.0.3&ixid=M3wxMjA3fDB8MHxwaG90by1wYWdlfHx8fGVufDB8fHx8fA%3D%3D&auto=format&fit=crop&w=3870&q=80",
      "featured": true
    },
    {
      "id": 5,
      "name": "Product 5",
      "category": "Clothing",
      "type": "T-Shirt",
      "rating": 4.8,
      "price": 12.99,
      "image": "https://images.unsplash.com/photo-1503341504253-dff4815485f1?ixlib=rb-4.0.3&ixid=M3wxMjA3fDB8MHxwaG90by1wYWdlfHx8fGVufDB8fHx8fA%3D%3D&auto=format&fit=crop&w=3561&q=80"
    },
    {
      "id": 6,
      "name": "Product 6",
      "category": "Clothing",
      "type": "T-Shirt",
      "rating": 4.8,
      "oldPrice": 99.99,
      "price": 12.99,
      "image": "https://images.unsplash.com/photo-1503341504253-dff4815485f1?ixlib=rb-4.0.3&ixid=M3wxMjA3fDB8MHxwaG90by1wYWdlfHx8fGVufDB8fHx8fA%3D%3D&auto=format&fit=crop&w=3561&q=80"
    },

    {
      "id": 7,
      "name": "Product 7",
      "category": "Clothing",
      "type": "T-Shirt",
      "rating": 3,
      "price": 14.99,
      "image": "https://images.unsplash.com/photo-1551799517-eb8f03cb5e6a?ixlib=rb-4.0.3&ixid=M3wxMjA3fDB8MHxwaG90by1wYWdlfHx8fGVufDB8fHx8fA%3D%3D&auto=format&fit=crop&w=3456&q=80"
    },
    {
      "id": 8,
      "name": "Product 8",
      "category": "Clothing",
      "type": "T-Shirt",
      "rating": 5,
      "price": 349.99,
      "image": "https://images.unsplash.com/photo-1576566588028-4147f3842f27?ixlib=rb-4.0.3&ixid=M3wxMjA3fDB8MHxwaG90by1wYWdlfHx8fGVufDB8fHx8fA%3D%3D&auto=format&fit=crop&w=2400&q=80"
    },
    {
      "id": 9,
      "name": "Razer Blade 15 ",
      "category": "Electronics",
      "type": "Laptop",
      "rating": 5,
      "oldPrice": 2699,
      "price": 2399,
      "image": "https://www.dpreview.com/files/p/articles/6096287211/DLCS1672-Edit.jpeg",
      "featured": true
    },
    {
      "id": 10,
      "name": "Rolex Classic ",
      "category": "Watch",
      "type": "Formal",
      "rating": 5,
      "oldPrice": 2699,
      "price": 2399,
      "image": "https://images.unsplash.com/photo-1547996160-81dfa63595aa?ixlib=rb-4.0.3&ixid=M3wxMjA3fDB8MHxwaG90by1wYWdlfHx8fGVufDB8fHx8fA%3D%3D&auto=format&fit=crop&w=3648&q=80"
    },
    {
      "id": 11,
      "name": "Sweet Shoes",
      "category": "Shoes",
      "type": "Sneakers",
      "rating": 5,
      "oldPrice": 2699,
      "price": 2399,
      "image": "https://images.unsplash.com/photo-1595950653106-6c9ebd614d3a?ixlib=rb-4.0.3&ixid=M3wxMjA3fDB8MHxwaG90by1wYWdlfHx8fGVufDB8fHx8fA%3D%3D&auto=format&fit=crop&w=3774&q=80"
    },
    {
      "id": 12,
      "name": "Nike Sports Shoes",
      "category": "Shoes",
      "type": "Sports",
      "rating": 5,
      "oldPrice": 2699,
      "price": 2399,
      "image": "https://images.unsplash.com/photo-1600185365483-26d7a4cc7519?ixlib=rb-4.0.3&ixid=M3wxMjA3fDB8MHxwaG90by1wYWdlfHx8fGVufDB8fHx8fA%3D%3D&auto=format&fit=crop&w=3850&q=80"
    },
    {
      "id": 13,
      "name": "Everyday Sneakers",
      "category": "Shoes",
      "type": "Casual",
      "rating": 5,
      "oldPrice": 2699,
      "price": 2399,
      "image": "https://images.unsplash.com/photo-1603808033192-082d6919d3e1?ixlib=rb-4.0.3&ixid=M3wxMjA3fDB8MHxwaG90by1wYWdlfHx8fGVufDB8fHx8fA%3D%3D&auto=format&fit=crop&w=3000&q=80"
    },
    {
      "id": 14,
      "name": "Euroreo Shoes ",
      "category": "Shoes",
      "type": "Sports",
      "rating": 5,
      "oldPrice": 2699,
      "price": 2399,
      "image": "https://images.unsplash.com/photo-1606107557195-0e29a4b5b4aa?ixlib=rb-4.0.3&ixid=M3wxMjA3fDB8MHxwaG90by1wYWdlfHx8fGVufDB8fHx8fA%3D%3D&auto=format&fit=crop&w=2400&q=80"
    },
    {
      "id": 15,
      "name": " Casual Sneakers",
      "category": "Shoes",
      "type": "Sneakers",
      "rating": 5,
      "oldPrice": 2699,
      "price": 2399,
      "image": "https://images.unsplash.com/photo-1525966222134-fcfa99b8ae77?ixlib=rb-4.0.3&ixid=M3wxMjA3fDB8MHxwaG90by1wYWdlfHx8fGVufDB8fHx8fA%3D%3D&auto=format&fit=crop&w=3796&q=80"
    },
    {
      "id": 16,
      "name": "Nike Shoes",
      "category": "Shoes",
      "type": "Sports",
      "rating": 5,
      "oldPrice": 2699,
      "price": 2399,
      "image": "https://images.unsplash.com/photo-1605348532760-6753d2c43329?ixlib=rb-4.0.3&ixid=M3wxMjA3fDB8MHxwaG90by1wYWdlfHx8fGVufDB8fHx8fA%3D%3D&auto=format&fit=crop&w=1920&q=80"
    },
    {
      "id": 17,
      "name": "Casio 1992 See through",
      "category": "Watch",
      "type": "Casual",
      "rating": 5,
      "oldPrice": 2699,
      "price": 2399,
      "image": "https://images.unsplash.com/photo-1657235895095-e043ce2ebf41?ixlib=rb-4.0.3&ixid=M3wxMjA3fDB8MHxwaG90by1wYWdlfHx8fGVufDB8fHx8fA%3D%3D&auto=format&fit=crop&w=3079&q=80"
    },
    {
      "id": 18,
      "name": "Baisheng 1302",
      "category": "Watch",
      "type": "Formal",
      "rating": 5,
      "oldPrice": 2699,
      "price": 2399,
      "image": "https://images.unsplash.com/photo-1694630097817-c3a8e1e4029f?ixlib=rb-4.0.3&ixid=M3wxMjA3fDB8MHxwaG90by1wYWdlfHx8fGVufDB8fHx8fA%3D%3D&auto=format&fit=crop&w=2312&q=80"
    },
    {
      "id": 19,
      "name": "Heigh Heels ",
      "category": "Shoes",
      "type": "Heels",
      "rating": 5,
      "oldPrice": 2699,
      "price": 2399,
      "image": "https://images.unsplash.com/photo-1543163521-1bf539c55dd2?ixlib=rb-4.0.3&ixid=M3wxMjA3fDB8MHxwaG90by1wYWdlfHx8fGVufDB8fHx8fA%3D%3D&auto=format&fit=crop&w=3880&q=80"
    }
  ]
}
